iteration,Cd
1,2.10702500e+00
2,2.13417000e+00
3,1.83486000e+00
4,1.61144100e+00
5,1.44400400e+00
6,1.31436800e+00
7,1.21480400e+00
8,1.13486900e+00
9,1.07167700e+00
10,1.02596500e+00
11,9.90790300e-01
12,9.62806200e-01
13,9.38652200e-01
14,9.17754300e-01
15,9.03745300e-01
16,8.96999800e-01
17,8.95434900e-01
18,8.96283400e-01
19,8.94600300e-01
20,8.90767600e-01
21,8.84036000e-01
22,8.74052200e-01
23,8.60814500e-01
24,8.46379000e-01
25,8.32811300e-01
26,8.19464000e-01
27,8.04888300e-01
28,7.89556400e-01
29,7.75697000e-01
30,7.63315100e-01
31,7.51626600e-01
32,7.39430700e-01
33,7.26136800e-01
34,7.12633000e-01
35,6.99857600e-01
36,6.88194200e-01
37,6.78028600e-01
38,6.69945500e-01
39,6.63734800e-01
40,6.58998400e-01
41,6.55129300e-01
42,6.52306800e-01
43,6.51111700e-01
44,6.51560900e-01
45,6.53443500e-01
46,6.56560500e-01
47,6.60269000e-01
48,6.64200900e-01
49,6.67775400e-01
50,6.70647100e-01
51,6.72151800e-01
52,6.71783400e-01
53,6.68907500e-01
54,6.63996300e-01
55,6.58079100e-01
56,6.52412100e-01
57,6.47768500e-01
58,6.44133900e-01
59,6.41292500e-01
60,6.38906900e-01
61,6.36729200e-01
62,6.34723300e-01
63,6.32988700e-01
64,6.31634200e-01
65,6.30881500e-01
66,6.30758600e-01
67,6.31087600e-01
68,6.31540400e-01
69,6.31742100e-01
70,6.31530700e-01
71,6.30805500e-01
72,6.29898800e-01
73,6.28720900e-01
74,6.27429600e-01
75,6.25785000e-01
76,6.24070800e-01
77,6.22488300e-01
78,6.21153800e-01
79,6.19951000e-01
80,6.18839100e-01
81,6.17588900e-01
82,6.16260100e-01
83,6.15153700e-01
84,6.15064900e-01
85,6.16034300e-01
86,6.17704200e-01
87,6.19714700e-01
88,6.22294000e-01
89,6.25334300e-01
90,6.28443400e-01
91,6.30817900e-01
92,6.32225200e-01
93,6.32777200e-01
94,6.32432400e-01
95,6.31231000e-01
96,6.29550000e-01
97,6.27873900e-01
98,6.26294000e-01
99,6.25006200e-01
100,6.23831000e-01
101,6.22490500e-01
102,6.20729900e-01
103,6.18299000e-01
104,6.15326100e-01
105,6.12533500e-01
106,6.10750300e-01
107,6.10306700e-01
108,6.10972400e-01
109,6.12477000e-01
110,6.14558500e-01
111,6.16809600e-01
112,6.18853700e-01
113,6.20423900e-01
114,6.21256100e-01
115,6.21367100e-01
116,6.21122500e-01
117,6.20872800e-01
118,6.20740700e-01
119,6.20460000e-01
120,6.19703400e-01
121,6.18099000e-01
122,6.15810200e-01
123,6.13489400e-01
124,6.11855700e-01
125,6.11204100e-01
126,6.11597600e-01
127,6.12634700e-01
128,6.14070500e-01
129,6.15759600e-01
130,6.17496500e-01
131,6.18963900e-01
132,6.19987400e-01
133,6.20357600e-01
134,6.20236300e-01
135,6.19735600e-01
136,6.18921300e-01
137,6.17640800e-01
138,6.15742200e-01
139,6.13433600e-01
140,6.11161700e-01
141,6.09647000e-01
142,6.09407000e-01
143,6.10534900e-01
144,6.12790100e-01
145,6.15912700e-01
146,6.19598200e-01
147,6.23413100e-01
148,6.26748000e-01
149,6.29039900e-01
150,6.30085300e-01
151,6.29798700e-01
152,6.28404200e-01
153,6.26276000e-01
154,6.23632100e-01
155,6.20532400e-01
156,6.17377400e-01
157,6.14448300e-01
158,6.12241100e-01
159,6.11172800e-01
160,6.11284300e-01
161,6.12456800e-01
162,6.14599900e-01
163,6.17648700e-01
164,6.21087300e-01
165,6.24618400e-01
166,6.27689700e-01
167,6.29823400e-01
168,6.30943100e-01
169,6.31209500e-01
170,6.30713000e-01
171,6.29546100e-01
172,6.27790500e-01
173,6.25868400e-01
174,6.24258200e-01
175,6.23351300e-01
176,6.23178300e-01
177,6.23574600e-01
178,6.24199800e-01
179,6.24948100e-01
180,6.25864700e-01
181,6.26890100e-01
182,6.28317100e-01
183,6.29948000e-01
184,6.31542500e-01
185,6.32864200e-01
186,6.33693700e-01
187,6.34026700e-01
188,6.33636100e-01
189,6.32481000e-01
190,6.30671600e-01
191,6.28607000e-01
192,6.26484100e-01
193,6.24780800e-01
194,6.23562700e-01
195,6.23016100e-01
196,6.22828000e-01
197,6.23085800e-01
198,6.23723700e-01
199,6.25322100e-01
200,6.27408000e-01
201,6.29926600e-01
202,6.32201600e-01
203,6.34054300e-01
204,6.35321400e-01
205,6.35858100e-01
206,6.35463200e-01
207,6.34365700e-01
208,6.33076100e-01
209,6.32061600e-01
210,6.31457400e-01
211,6.31288000e-01
212,6.31357500e-01
213,6.31609900e-01
214,6.31966300e-01
215,6.32538700e-01
216,6.33369300e-01
217,6.34614800e-01
218,6.36087200e-01
219,6.37423400e-01
220,6.38113100e-01
221,6.37765300e-01
222,6.36412500e-01
223,6.34419800e-01
224,6.32427700e-01
225,6.30997200e-01
226,6.30322400e-01
227,6.30352700e-01
228,6.31031900e-01
229,6.32137100e-01
230,6.33234300e-01
231,6.34557900e-01
232,6.35935300e-01
233,6.37140300e-01
234,6.38100200e-01
235,6.38845700e-01
236,6.39439500e-01
237,6.39610200e-01
238,6.38937700e-01
239,6.37365800e-01
240,6.35271500e-01
241,6.33361300e-01
242,6.31805700e-01
243,6.30432200e-01
244,6.29211800e-01
245,6.28237900e-01
246,6.27464100e-01
247,6.26967600e-01
248,6.26597700e-01
249,6.26381700e-01
250,6.26440200e-01
251,6.26792400e-01
252,6.27074800e-01
253,6.27188000e-01
254,6.27170300e-01
255,6.26949700e-01
256,6.26622900e-01
257,6.26397400e-01
258,6.26358900e-01
259,6.26378800e-01
260,6.26651100e-01
261,6.26963600e-01
262,6.27158500e-01
263,6.27054300e-01
264,6.26829400e-01
265,6.26658700e-01
266,6.26523100e-01
267,6.26586600e-01
268,6.26827600e-01
269,6.27206300e-01
270,6.27756700e-01
271,6.28407300e-01
272,6.28826800e-01
273,6.28768500e-01
274,6.28419800e-01
275,6.28278600e-01
276,6.28663300e-01
277,6.29345600e-01
278,6.30040600e-01
279,6.30434700e-01
280,6.30300800e-01
281,6.29501800e-01
282,6.28203700e-01
283,6.26764000e-01
284,6.25270800e-01
285,6.23966800e-01
286,6.22979500e-01
287,6.22413400e-01
288,6.22339500e-01
289,6.22878100e-01
290,6.23893000e-01
291,6.25244200e-01
292,6.26691300e-01
293,6.28101300e-01
294,6.29504000e-01
295,6.31115500e-01
296,6.32651300e-01
297,6.33741400e-01
298,6.34008500e-01
299,6.33484500e-01
300,6.32034000e-01
301,6.30311300e-01
302,6.28245300e-01
303,6.26318300e-01
304,6.24448500e-01
305,6.23005200e-01
306,6.21913800e-01
307,6.21529800e-01
308,6.22000500e-01
309,6.23421400e-01
310,6.25189400e-01
311,6.27111800e-01
312,6.29034700e-01
313,6.31427800e-01
314,6.33783300e-01
315,6.35803400e-01
316,6.36723100e-01
317,6.36530700e-01
318,6.35050300e-01
319,6.32898400e-01
320,6.30070500e-01
321,6.27354900e-01
322,6.24465000e-01
323,6.22264100e-01
324,6.20349900e-01
325,6.18977400e-01
326,6.18045600e-01
327,6.17982900e-01
328,6.18957000e-01
329,6.20858900e-01
330,6.23025400e-01
331,6.25557200e-01
332,6.28142700e-01
333,6.30931600e-01
334,6.33263300e-01
335,6.34732700e-01
336,6.34867700e-01
337,6.34037500e-01
338,6.32229500e-01
339,6.30090800e-01
340,6.27798200e-01
341,6.25934700e-01
342,6.24171300e-01
343,6.23113500e-01
344,6.22324900e-01
345,6.22297700e-01
346,6.22893600e-01
347,6.24244600e-01
348,6.25897900e-01
349,6.27632000e-01
350,6.28981500e-01
351,6.30270400e-01
352,6.30911900e-01
353,6.30898000e-01
354,6.29856500e-01
355,6.28059600e-01
356,6.25684600e-01
357,6.23262900e-01
358,6.20842700e-01
359,6.18957900e-01
360,6.17256400e-01
361,6.16218800e-01
362,6.15764600e-01
363,6.16416900e-01
364,6.17926100e-01
365,6.20644100e-01
366,6.24142000e-01
367,6.27968900e-01
368,6.31298300e-01
369,6.33799400e-01
370,6.35332300e-01
371,6.35942000e-01
372,6.35465300e-01
373,6.33998500e-01
374,6.31679400e-01
375,6.28827500e-01
376,6.25870700e-01
377,6.23057500e-01
378,6.20763100e-01
379,6.19220300e-01
380,6.18705700e-01
381,6.19386800e-01
382,6.21266000e-01
383,6.24154200e-01
384,6.27728600e-01
385,6.31405100e-01
386,6.34588700e-01
387,6.36852400e-01
388,6.37982100e-01
389,6.38033100e-01
390,6.37156800e-01
391,6.35591700e-01
392,6.33642400e-01
393,6.31597600e-01
394,6.29664500e-01
395,6.27862600e-01
396,6.26270200e-01
397,6.25029000e-01
398,6.24423700e-01
399,6.24669700e-01
400,6.25740900e-01
401,6.27624000e-01
402,6.30099500e-01
403,6.33109500e-01
404,6.36092200e-01
405,6.38639600e-01
406,6.40399200e-01
407,6.41336600e-01
408,6.41516600e-01
409,6.40912000e-01
410,6.39429200e-01
411,6.37248300e-01
412,6.34629800e-01
413,6.31908200e-01
414,6.29439600e-01
415,6.27505000e-01
416,6.26267600e-01
417,6.25950800e-01
418,6.26377600e-01
419,6.27231400e-01
420,6.28172000e-01
421,6.29451500e-01
422,6.30950700e-01
423,6.32361500e-01
424,6.33345300e-01
425,6.33902700e-01
426,6.33874100e-01
427,6.33377500e-01
428,6.32478100e-01
429,6.31488600e-01
430,6.30535100e-01
431,6.29792400e-01
432,6.29259000e-01
433,6.28896800e-01
434,6.28700300e-01
435,6.28801400e-01
436,6.29406000e-01
437,6.30805400e-01
438,6.32687300e-01
439,6.34659100e-01
440,6.36537800e-01
441,6.38444400e-01
442,6.40245700e-01
443,6.41591800e-01
444,6.42152500e-01
445,6.41906000e-01
446,6.41010200e-01
447,6.39547000e-01
448,6.37441500e-01
449,6.34876300e-01
450,6.31875900e-01
451,6.29022900e-01
452,6.26618000e-01
453,6.25098100e-01
454,6.24594200e-01
455,6.25280700e-01
456,6.26838500e-01
457,6.28987400e-01
458,6.31130700e-01
459,6.33208900e-01
460,6.35267100e-01
461,6.37593400e-01
462,6.39923700e-01
463,6.42124100e-01
464,6.43815100e-01
465,6.44681600e-01
466,6.44703100e-01
467,6.43979300e-01
468,6.42555000e-01
469,6.40592700e-01
470,6.38360200e-01
471,6.36070600e-01
472,6.33944700e-01
473,6.32188100e-01
474,6.31186000e-01
475,6.31088900e-01
476,6.31672400e-01
477,6.32473600e-01
478,6.33170000e-01
479,6.33806500e-01
480,6.34707000e-01
481,6.35903000e-01
482,6.37266200e-01
483,6.38419200e-01
484,6.39232400e-01
485,6.39541900e-01
486,6.39305200e-01
487,6.38532100e-01
488,6.37315800e-01
489,6.35774000e-01
490,6.34125700e-01
491,6.32618300e-01
492,6.31590700e-01
493,6.31194300e-01
494,6.31588600e-01
495,6.32388700e-01
496,6.32963800e-01
497,6.32975400e-01
498,6.32704500e-01
499,6.32787000e-01
500,6.33506100e-01
