iteration,Cl
1,-2.05688700e-02
2,9.84408000e-02
3,2.69221500e-01
4,4.16054200e-01
5,4.97891300e-01
6,5.09302800e-01
7,4.84019200e-01
8,4.39677300e-01
9,3.82319600e-01
10,3.24374500e-01
11,2.67675100e-01
12,2.14614800e-01
13,1.70802500e-01
14,1.36058700e-01
15,1.14087000e-01
16,9.88201600e-02
17,8.19221500e-02
18,6.61218700e-02
19,5.57471000e-02
20,5.35286800e-02
21,5.72783500e-02
22,6.24592100e-02
23,6.62536800e-02
24,6.70128800e-02
25,6.24125400e-02
26,5.13795700e-02
27,3.70112200e-02
28,2.41746600e-02
29,1.46698500e-02
30,8.59919700e-03
31,4.14137300e-03
32,-3.46630500e-04
33,-1.51207900e-03
34,2.48595000e-03
35,1.03942400e-02
36,1.97032800e-02
37,2.79495700e-02
38,3.35364800e-02
39,3.66605100e-02
40,3.79471800e-02
41,3.75248500e-02
42,3.52630300e-02
43,3.28447400e-02
44,3.27981300e-02
45,3.63015100e-02
46,4.28223200e-02
47,5.01406700e-02
48,5.53966900e-02
49,5.78277300e-02
50,5.78807500e-02
51,5.72059600e-02
52,5.61421100e-02
53,5.54816900e-02
54,5.57089200e-02
55,5.70859800e-02
56,5.90630800e-02
57,6.04346300e-02
58,6.09146200e-02
59,5.96934700e-02
60,5.58364300e-02
61,5.04739800e-02
62,4.50641700e-02
63,4.00872000e-02
64,3.59235800e-02
65,3.35827500e-02
66,3.30125400e-02
67,3.37776400e-02
68,3.49071900e-02
69,3.61791400e-02
70,3.74360500e-02
71,3.91294200e-02
72,4.17260300e-02
73,4.61813300e-02
74,5.30552600e-02
75,6.30307600e-02
76,7.42088700e-02
77,8.34999100e-02
78,8.91765800e-02
79,8.99237600e-02
80,8.53950200e-02
81,7.75712500e-02
82,6.83416100e-02
83,5.91302800e-02
84,5.05596200e-02
85,4.34994200e-02
86,3.70435000e-02
87,3.07032200e-02
88,2.41146900e-02
89,1.81863800e-02
90,1.34413900e-02
91,1.10949000e-02
92,1.12437100e-02
93,1.42304300e-02
94,1.97574100e-02
95,2.68072400e-02
96,3.45649100e-02
97,4.19180200e-02
98,4.78899600e-02
99,5.25986700e-02
100,5.67152400e-02
101,5.96010800e-02
102,6.09815700e-02
103,5.94797000e-02
104,5.46245200e-02
105,4.72940600e-02
106,3.88480300e-02
107,3.08684200e-02
108,2.54050200e-02
109,2.26483000e-02
110,2.31695500e-02
111,2.70418600e-02
112,3.36254400e-02
113,4.26780300e-02
114,5.35124100e-02
115,6.29935000e-02
116,6.88994200e-02
117,6.99898000e-02
118,6.67435700e-02
119,6.14576100e-02
120,5.58882300e-02
121,5.12808500e-02
122,4.66375300e-02
123,4.05716400e-02
124,3.38738100e-02
125,2.85314400e-02
126,2.28986300e-02
127,1.76955900e-02
128,1.43447000e-02
129,1.44533500e-02
130,1.83689900e-02
131,2.55642400e-02
132,3.48270400e-02
133,4.56481700e-02
134,5.50743300e-02
135,6.09869600e-02
136,6.28280100e-02
137,6.16964700e-02
138,5.90179500e-02
139,5.56434700e-02
140,5.21803500e-02
141,4.85262900e-02
142,4.55037200e-02
143,4.28179100e-02
144,4.01636100e-02
145,3.82738900e-02
146,3.73961100e-02
147,3.86626900e-02
148,4.26847000e-02
149,4.86854300e-02
150,5.56598000e-02
151,6.25041600e-02
152,6.71378900e-02
153,6.78059900e-02
154,6.49292700e-02
155,5.98397900e-02
156,5.38138000e-02
157,4.83302000e-02
158,4.35175000e-02
159,3.93404500e-02
160,3.51822800e-02
161,3.05964300e-02
162,2.64403000e-02
163,2.42061800e-02
164,2.53946800e-02
165,3.00206400e-02
166,3.64147900e-02
167,4.35560300e-02
168,5.00054400e-02
169,5.40809300e-02
170,5.52811100e-02
171,5.39101800e-02
172,5.05923900e-02
173,4.54533100e-02
174,3.87945100e-02
175,3.14012500e-02
176,2.54439900e-02
177,2.14324800e-02
178,1.92597800e-02
179,1.85580700e-02
180,1.90203500e-02
181,2.07054600e-02
182,2.34202200e-02
183,2.67996000e-02
184,2.93181000e-02
185,3.11206500e-02
186,3.23421200e-02
187,3.42003500e-02
188,3.76084100e-02
189,4.27292600e-02
190,4.88045200e-02
191,5.39691800e-02
192,5.61919800e-02
193,5.44279200e-02
194,4.99910700e-02
195,4.47331000e-02
196,3.98571000e-02
197,3.60869500e-02
198,3.30468500e-02
199,3.00542100e-02
200,2.70234800e-02
201,2.34068000e-02
202,2.01001100e-02
203,1.81851900e-02
204,1.81275600e-02
205,2.11559800e-02
206,2.73246900e-02
207,3.51745900e-02
208,4.19000100e-02
209,4.60193500e-02
210,4.69269900e-02
211,4.45649600e-02
212,4.03580500e-02
213,3.58596500e-02
214,3.34907000e-02
215,3.25275800e-02
216,3.27750900e-02
217,3.26807500e-02
218,3.16618600e-02
219,2.90727200e-02
220,2.65951900e-02
221,2.59827300e-02
222,2.69390900e-02
223,3.00338600e-02
224,3.47239300e-02
225,3.96043900e-02
226,4.28659300e-02
227,4.37895500e-02
228,4.24492000e-02
229,3.93879500e-02
230,3.79936200e-02
231,3.86987700e-02
232,4.29222400e-02
233,4.91643500e-02
234,5.45654100e-02
235,5.70952600e-02
236,5.61961600e-02
237,5.36748300e-02
238,5.19051000e-02
239,5.09367700e-02
240,5.14462800e-02
241,5.23201800e-02
242,5.35227400e-02
243,5.48637500e-02
244,5.53717400e-02
245,5.33357900e-02
246,4.91129500e-02
247,4.37024700e-02
248,4.05019400e-02
249,4.05803500e-02
250,4.28597500e-02
251,4.49869800e-02
252,4.46447900e-02
253,4.08908700e-02
254,3.46861400e-02
255,2.86662200e-02
256,2.37797900e-02
257,2.15339400e-02
258,2.19202100e-02
259,2.46374400e-02
260,2.86066900e-02
261,3.30194200e-02
262,3.65632000e-02
263,4.00794800e-02
264,4.31656100e-02
265,4.69967700e-02
266,5.16667000e-02
267,5.51801300e-02
268,5.68150600e-02
269,5.60831900e-02
270,5.29780000e-02
271,4.80605500e-02
272,4.25315300e-02
273,3.79871700e-02
274,3.34937300e-02
275,3.00397300e-02
276,2.82705100e-02
277,2.92119600e-02
278,3.23528500e-02
279,3.69887100e-02
280,4.24819000e-02
281,4.88408800e-02
282,5.52166400e-02
283,6.05740500e-02
284,6.50050700e-02
285,6.74607200e-02
286,6.75954800e-02
287,6.48212400e-02
288,5.91139200e-02
289,5.08116100e-02
290,4.07947200e-02
291,3.05096800e-02
292,2.19385700e-02
293,1.60533700e-02
294,1.32549800e-02
295,1.33542000e-02
296,1.55663100e-02
297,1.92768700e-02
298,2.46420600e-02
299,3.20504200e-02
300,4.11450400e-02
301,4.98624200e-02
302,5.74509200e-02
303,6.20213200e-02
304,6.38908200e-02
305,6.26897700e-02
306,5.94042500e-02
307,5.44675600e-02
308,4.84538100e-02
309,4.16132300e-02
310,3.60116800e-02
311,3.13705900e-02
312,2.84521400e-02
313,2.68530900e-02
314,2.68627500e-02
315,2.81775000e-02
316,3.14302900e-02
317,3.64622700e-02
318,4.32803100e-02
319,5.04196900e-02
320,5.67889500e-02
321,6.06730600e-02
322,6.23012600e-02
323,6.11148400e-02
324,5.81941200e-02
325,5.37661200e-02
326,4.89419600e-02
327,4.33705700e-02
328,3.74729100e-02
329,3.11399300e-02
330,2.54524400e-02
331,2.12836800e-02
332,2.06104400e-02
333,2.23892800e-02
334,2.71202200e-02
335,3.45681600e-02
336,4.39574700e-02
337,5.28703200e-02
338,6.01690400e-02
339,6.42244700e-02
340,6.52913400e-02
341,6.37582900e-02
342,6.04000500e-02
343,5.51653700e-02
344,4.93772100e-02
345,4.23040500e-02
346,3.47800800e-02
347,2.70487400e-02
348,2.00280000e-02
349,1.48488700e-02
350,1.29737700e-02
351,1.38726600e-02
352,1.81610700e-02
353,2.57199900e-02
354,3.60357200e-02
355,4.65993100e-02
356,5.59388300e-02
357,6.25480600e-02
358,6.62924300e-02
359,6.65215000e-02
360,6.41750400e-02
361,5.91429700e-02
362,5.24341800e-02
363,4.45321700e-02
364,3.68686000e-02
365,2.94629200e-02
366,2.32305400e-02
367,1.87500300e-02
368,1.70684000e-02
369,1.78688300e-02
370,2.13788700e-02
371,2.66448200e-02
372,3.29722800e-02
373,3.96896200e-02
374,4.60597900e-02
375,5.12284600e-02
376,5.43601100e-02
377,5.53143700e-02
378,5.37853700e-02
379,5.00652200e-02
380,4.40462300e-02
381,3.71491700e-02
382,3.00621600e-02
383,2.34847100e-02
384,1.85480100e-02
385,1.54286400e-02
386,1.43292300e-02
387,1.55513100e-02
388,1.92470100e-02
389,2.50478200e-02
390,3.19513600e-02
391,3.90340900e-02
392,4.54665100e-02
393,5.01082500e-02
394,5.27191600e-02
395,5.36253600e-02
396,5.26331600e-02
397,5.00286000e-02
398,4.57456600e-02
399,3.98785300e-02
400,3.35336400e-02
401,2.79501900e-02
402,2.44648300e-02
403,2.22763200e-02
404,2.31914600e-02
405,2.70342600e-02
406,3.33735400e-02
407,4.17554100e-02
408,5.12982100e-02
409,6.07853200e-02
410,6.92156700e-02
411,7.51854300e-02
412,7.78659300e-02
413,7.77569000e-02
414,7.55650200e-02
415,7.20176400e-02
416,6.68798700e-02
417,5.93070300e-02
418,5.01663700e-02
419,4.14779300e-02
420,3.42432200e-02
421,2.87383100e-02
422,2.62489100e-02
423,2.65518200e-02
424,2.93446400e-02
425,3.42996000e-02
426,4.08021400e-02
427,4.77994000e-02
428,5.45830700e-02
429,5.97484500e-02
430,6.25711400e-02
431,6.29006400e-02
432,6.17841200e-02
433,6.00019100e-02
434,5.79701400e-02
435,5.57348900e-02
436,5.32024100e-02
437,4.99260000e-02
438,4.54573300e-02
439,4.01699600e-02
440,3.52761600e-02
441,3.17777000e-02
442,3.05962100e-02
443,3.16146100e-02
444,3.44919000e-02
445,3.88862000e-02
446,4.45812000e-02
447,5.10070100e-02
448,5.78186800e-02
449,6.42940100e-02
450,7.03158500e-02
451,7.45488800e-02
452,7.65576400e-02
453,7.53854100e-02
454,7.12652800e-02
455,6.45030600e-02
456,5.61240900e-02
457,4.79069800e-02
458,4.05473300e-02
459,3.47713700e-02
460,3.06741700e-02
461,2.79230600e-02
462,2.70975600e-02
463,2.80725300e-02
464,3.04333100e-02
465,3.47937600e-02
466,4.03561600e-02
467,4.64138800e-02
468,5.17473500e-02
469,5.65983500e-02
470,6.06740600e-02
471,6.39484300e-02
472,6.55340800e-02
473,6.51935200e-02
474,6.16635400e-02
475,5.62470200e-02
476,5.05464000e-02
477,4.62675400e-02
478,4.38034300e-02
479,4.22372300e-02
480,4.12057300e-02
481,4.03907400e-02
482,4.05812000e-02
483,4.20417600e-02
484,4.37245100e-02
485,4.59354200e-02
486,4.86336700e-02
487,5.11138900e-02
488,5.30622400e-02
489,5.46125400e-02
490,5.58602400e-02
491,5.66611300e-02
492,5.63802400e-02
493,5.42121000e-02
494,4.98308600e-02
495,4.39356900e-02
496,3.83769200e-02
497,3.45186000e-02
498,3.30079800e-02
499,3.30452600e-02
500,3.46206300e-02
